representation,total_duration_us,mean_op_duration_us,std_op_duration_us,total_ops,rotation_count,rescale_count,relin_count,bootstrap_count,start_level,end_level,level_drop,level_variance,unique_rotation_amounts,rotation_amount_entropy,peak_memory,kernel_count
ckks,45284.000000,5660.500000,12075.537208,8.000000,2.000000,1.000000,1.000000,0.000000,2.000000,1.000000,1.000000,0.277778,2.000000,1.000000,0.000000,0.000000
ckks,0.000000,0.000000,0.000000,5.000000,2.000000,1.000000,1.000000,0.000000,2.000000,1.000000,1.000000,0.266667,2.000000,1.000000,0.000000,0.000000
ckks,44808.000000,5601.000000,12050.709214,8.000000,2.000000,1.000000,1.000000,0.000000,2.000000,1.000000,1.000000,0.277778,2.000000,1.000000,0.000000,0.000000
ckks,43277.000000,5409.625000,11550.146937,8.000000,2.000000,1.000000,1.000000,0.000000,2.000000,1.000000,1.000000,0.277778,2.000000,1.000000,0.000000,0.000000
ckks,45582.000000,5697.750000,12481.863457,8.000000,2.000000,1.000000,1.000000,0.000000,2.000000,1.000000,1.000000,0.277778,2.000000,1.000000,0.000000,0.000000
ckks,43047.000000,5380.875000,11700.778148,8.000000,2.000000,1.000000,1.000000,0.000000,2.000000,1.000000,1.000000,0.277778,2.000000,1.000000,0.000000,0.000000
ckks,43150.000000,5393.750000,11730.952680,8.000000,2.000000,1.000000,1.000000,0.000000,2.000000,1.000000,1.000000,0.277778,2.000000,1.000000,0.000000,0.000000
ckks,43464.000000,5433.000000,11787.061769,8.000000,2.000000,1.000000,1.000000,0.000000,2.000000,1.000000,1.000000,0.277778,2.000000,1.000000,0.000000,0.000000
ckks,45264.000000,5658.000000,12450.000688,8.000000,2.000000,1.000000,1.000000,0.000000,2.000000,1.000000,1.000000,0.277778,2.000000,1.000000,0.000000,0.000000
ckks,42771.000000,5346.375000,11536.651234,8.000000,2.000000,1.000000,1.000000,0.000000,2.000000,1.000000,1.000000,0.277778,2.000000,1.000000,0.000000,0.000000
ckks,43118.000000,5389.750000,11655.586187,8.000000,2.000000,1.000000,1.000000,0.000000,2.000000,1.000000,1.000000,0.277778,2.000000,1.000000,0.000000,0.000000
ckks,44596.000000,4955.111111,11513.717649,9.000000,3.000000,1.000000,1.000000,0.000000,2.000000,1.000000,1.000000,0.277778,3.000000,1.584963,0.000000,0.000000
ckks,0.000000,0.000000,0.000000,6.000000,3.000000,1.000000,1.000000,0.000000,2.000000,1.000000,1.000000,0.238095,3.000000,1.584963,0.000000,0.000000
ckks,44896.000000,4988.444444,11601.979326,9.000000,3.000000,1.000000,1.000000,0.000000,2.000000,1.000000,1.000000,0.277778,3.000000,1.584963,0.000000,0.000000
ckks,43165.000000,4796.111111,11101.479321,9.000000,3.000000,1.000000,1.000000,0.000000,2.000000,1.000000,1.000000,0.277778,3.000000,1.584963,0.000000,0.000000
ckks,44262.000000,4918.000000,11279.377000,9.000000,3.000000,1.000000,1.000000,0.000000,2.000000,1.000000,1.000000,0.277778,3.000000,1.584963,0.000000,0.000000
ckks,44177.000000,4908.555556,11349.371515,9.000000,3.000000,1.000000,1.000000,0.000000,2.000000,1.000000,1.000000,0.277778,3.000000,1.584963,0.000000,0.000000
ckks,43826.000000,4869.555556,11263.806751,9.000000,3.000000,1.000000,1.000000,0.000000,2.000000,1.000000,1.000000,0.277778,3.000000,1.584963,0.000000,0.000000
ckks,43941.000000,4882.333333,11302.283442,9.000000,3.000000,1.000000,1.000000,0.000000,2.000000,1.000000,1.000000,0.277778,3.000000,1.584963,0.000000,0.000000
ckks,43540.000000,4837.777778,11123.606629,9.000000,3.000000,1.000000,1.000000,0.000000,2.000000,1.000000,1.000000,0.277778,3.000000,1.584963,0.000000,0.000000
ckks,43473.000000,4830.333333,11137.265789,9.000000,3.000000,1.000000,1.000000,0.000000,2.000000,1.000000,1.000000,0.277778,3.000000,1.584963,0.000000,0.000000
ckks,43412.000000,4823.555556,11172.340188,9.000000,3.000000,1.000000,1.000000,0.000000,2.000000,1.000000,1.000000,0.277778,3.000000,1.584963,0.000000,0.000000
ckks,42770.000000,3888.181818,9961.874842,11.000000,5.000000,1.000000,1.000000,0.000000,2.000000,1.000000,1.000000,0.265152,5.000000,2.321928,0.000000,0.000000
ckks,0.000000,0.000000,0.000000,8.000000,5.000000,1.000000,1.000000,0.000000,2.000000,1.000000,1.000000,0.194444,5.000000,2.321928,0.000000,0.000000
ckks,43961.000000,3996.454545,10243.946684,11.000000,5.000000,1.000000,1.000000,0.000000,2.000000,1.000000,1.000000,0.265152,5.000000,2.321928,0.000000,0.000000
ckks,43442.000000,3949.272727,10107.487325,11.000000,5.000000,1.000000,1.000000,0.000000,2.000000,1.000000,1.000000,0.265152,5.000000,2.321928,0.000000,0.000000
ckks,43102.000000,3918.363636,10013.467214,11.000000,5.000000,1.000000,1.000000,0.000000,2.000000,1.000000,1.000000,0.265152,5.000000,2.321928,0.000000,0.000000
ckks,43531.000000,3957.363636,10081.173069,11.000000,5.000000,1.000000,1.000000,0.000000,2.000000,1.000000,1.000000,0.265152,5.000000,2.321928,0.000000,0.000000
ckks,44419.000000,4038.090909,10297.455525,11.000000,5.000000,1.000000,1.000000,0.000000,2.000000,1.000000,1.000000,0.265152,5.000000,2.321928,0.000000,0.000000
ckks,43331.000000,3939.181818,10146.274615,11.000000,5.000000,1.000000,1.000000,0.000000,2.000000,1.000000,1.000000,0.265152,5.000000,2.321928,0.000000,0.000000
ckks,43532.000000,3957.454545,10132.861663,11.000000,5.000000,1.000000,1.000000,0.000000,2.000000,1.000000,1.000000,0.265152,5.000000,2.321928,0.000000,0.000000
ckks,43850.000000,3986.363636,10228.606936,11.000000,5.000000,1.000000,1.000000,0.000000,2.000000,1.000000,1.000000,0.265152,5.000000,2.321928,0.000000,0.000000
ckks,45759.000000,4159.909091,10778.984984,11.000000,5.000000,1.000000,1.000000,0.000000,2.000000,1.000000,1.000000,0.265152,5.000000,2.321928,0.000000,0.000000
ckks,44385.000000,3698.750000,9819.060917,12.000000,6.000000,1.000000,1.000000,0.000000,2.000000,1.000000,1.000000,0.256410,6.000000,2.584963,0.000000,0.000000
ckks,0.000000,0.000000,0.000000,9.000000,6.000000,1.000000,1.000000,0.000000,2.000000,1.000000,1.000000,0.177778,6.000000,2.584963,0.000000,0.000000
ckks,45024.000000,3752.000000,10125.754993,12.000000,6.000000,1.000000,1.000000,0.000000,2.000000,1.000000,1.000000,0.256410,6.000000,2.584963,0.000000,0.000000
ckks,44102.000000,3675.166667,9822.187757,12.000000,6.000000,1.000000,1.000000,0.000000,2.000000,1.000000,1.000000,0.256410,6.000000,2.584963,0.000000,0.000000
ckks,43497.000000,3624.750000,9699.774666,12.000000,6.000000,1.000000,1.000000,0.000000,2.000000,1.000000,1.000000,0.256410,6.000000,2.584963,0.000000,0.000000
ckks,44077.000000,3673.083333,9828.970301,12.000000,6.000000,1.000000,1.000000,0.000000,2.000000,1.000000,1.000000,0.256410,6.000000,2.584963,0.000000,0.000000
ckks,43249.000000,3604.083333,9624.872509,12.000000,6.000000,1.000000,1.000000,0.000000,2.000000,1.000000,1.000000,0.256410,6.000000,2.584963,0.000000,0.000000
ckks,44159.000000,3679.916667,9796.693806,12.000000,6.000000,1.000000,1.000000,0.000000,2.000000,1.000000,1.000000,0.256410,6.000000,2.584963,0.000000,0.000000
ckks,44888.000000,3740.666667,9996.465033,12.000000,6.000000,1.000000,1.000000,0.000000,2.000000,1.000000,1.000000,0.256410,6.000000,2.584963,0.000000,0.000000
ckks,43768.000000,3647.333333,9746.050952,12.000000,6.000000,1.000000,1.000000,0.000000,2.000000,1.000000,1.000000,0.256410,6.000000,2.584963,0.000000,0.000000
ckks,43894.000000,3657.833333,9820.525989,12.000000,6.000000,1.000000,1.000000,0.000000,2.000000,1.000000,1.000000,0.256410,6.000000,2.584963,0.000000,0.000000
ckks,43379.000000,3336.846154,9260.155946,13.000000,7.000000,1.000000,1.000000,0.000000,2.000000,1.000000,1.000000,0.247253,7.000000,2.807355,0.000000,0.000000
ckks,0.000000,0.000000,0.000000,10.000000,7.000000,1.000000,1.000000,0.000000,2.000000,1.000000,1.000000,0.163636,7.000000,2.807355,0.000000,0.000000
ckks,43589.000000,3353.000000,9310.929268,13.000000,7.000000,1.000000,1.000000,0.000000,2.000000,1.000000,1.000000,0.247253,7.000000,2.807355,0.000000,0.000000
ckks,44371.000000,3413.153846,9520.013777,13.000000,7.000000,1.000000,1.000000,0.000000,2.000000,1.000000,1.000000,0.247253,7.000000,2.807355,0.000000,0.000000
ckks,43445.000000,3341.923077,9317.584321,13.000000,7.000000,1.000000,1.000000,0.000000,2.000000,1.000000,1.000000,0.247253,7.000000,2.807355,0.000000,0.000000
ckks,44057.000000,3389.000000,9467.315538,13.000000,7.000000,1.000000,1.000000,0.000000,2.000000,1.000000,1.000000,0.247253,7.000000,2.807355,0.000000,0.000000
ckks,43631.000000,3356.230769,9339.724319,13.000000,7.000000,1.000000,1.000000,0.000000,2.000000,1.000000,1.000000,0.247253,7.000000,2.807355,0.000000,0.000000
ckks,43156.000000,3319.692308,9286.110905,13.000000,7.000000,1.000000,1.000000,0.000000,2.000000,1.000000,1.000000,0.247253,7.000000,2.807355,0.000000,0.000000
ckks,43446.000000,3342.000000,9301.166468,13.000000,7.000000,1.000000,1.000000,0.000000,2.000000,1.000000,1.000000,0.247253,7.000000,2.807355,0.000000,0.000000
ckks,44623.000000,3432.538462,9559.985283,13.000000,7.000000,1.000000,1.000000,0.000000,2.000000,1.000000,1.000000,0.247253,7.000000,2.807355,0.000000,0.000000
ckks,43297.000000,3330.538462,9266.040521,13.000000,7.000000,1.000000,1.000000,0.000000,2.000000,1.000000,1.000000,0.247253,7.000000,2.807355,0.000000,0.000000
ckks,44667.000000,3190.500000,9221.397264,14.000000,8.000000,1.000000,1.000000,0.000000,2.000000,1.000000,1.000000,0.238095,8.000000,3.000000,0.000000,0.000000
ckks,0.000000,0.000000,0.000000,11.000000,8.000000,1.000000,1.000000,0.000000,2.000000,1.000000,1.000000,0.151515,8.000000,3.000000,0.000000,0.000000
ckks,44699.000000,3192.785714,9306.853489,14.000000,8.000000,1.000000,1.000000,0.000000,2.000000,1.000000,1.000000,0.238095,8.000000,3.000000,0.000000,0.000000
ckks,44298.000000,3164.142857,9155.714188,14.000000,8.000000,1.000000,1.000000,0.000000,2.000000,1.000000,1.000000,0.238095,8.000000,3.000000,0.000000,0.000000
ckks,43943.000000,3138.785714,9095.588450,14.000000,8.000000,1.000000,1.000000,0.000000,2.000000,1.000000,1.000000,0.238095,8.000000,3.000000,0.000000,0.000000
ckks,44120.000000,3151.428571,9104.008202,14.000000,8.000000,1.000000,1.000000,0.000000,2.000000,1.000000,1.000000,0.238095,8.000000,3.000000,0.000000,0.000000
ckks,43397.000000,3099.785714,8936.082003,14.000000,8.000000,1.000000,1.000000,0.000000,2.000000,1.000000,1.000000,0.238095,8.000000,3.000000,0.000000,0.000000
ckks,43822.000000,3130.142857,9018.049131,14.000000,8.000000,1.000000,1.000000,0.000000,2.000000,1.000000,1.000000,0.238095,8.000000,3.000000,0.000000,0.000000
ckks,43514.000000,3108.142857,8998.006718,14.000000,8.000000,1.000000,1.000000,0.000000,2.000000,1.000000,1.000000,0.238095,8.000000,3.000000,0.000000,0.000000
ckks,43469.000000,3104.928571,8919.790886,14.000000,8.000000,1.000000,1.000000,0.000000,2.000000,1.000000,1.000000,0.238095,8.000000,3.000000,0.000000,0.000000
ckks,43993.000000,3142.357143,9082.008331,14.000000,8.000000,1.000000,1.000000,0.000000,2.000000,1.000000,1.000000,0.238095,8.000000,3.000000,0.000000,0.000000
ckks,44178.000000,3681.500000,9803.732624,12.000000,6.000000,1.000000,1.000000,0.000000,2.000000,1.000000,1.000000,0.256410,6.000000,2.584963,0.000000,0.000000
ckks,43761.000000,3646.750000,9775.759734,12.000000,6.000000,1.000000,1.000000,0.000000,2.000000,1.000000,1.000000,0.256410,6.000000,2.584963,0.000000,0.000000
ckks,43831.000000,3652.583333,9800.513395,12.000000,6.000000,1.000000,1.000000,0.000000,2.000000,1.000000,1.000000,0.256410,6.000000,2.584963,0.000000,0.000000
ckks,43815.000000,3651.250000,9781.002218,12.000000,6.000000,1.000000,1.000000,0.000000,2.000000,1.000000,1.000000,0.256410,6.000000,2.584963,0.000000,0.000000
ckks,43334.000000,3611.166667,9662.397612,12.000000,6.000000,1.000000,1.000000,0.000000,2.000000,1.000000,1.000000,0.256410,6.000000,2.584963,0.000000,0.000000
ckks,43481.000000,3623.416667,9662.816693,12.000000,6.000000,1.000000,1.000000,0.000000,2.000000,1.000000,1.000000,0.256410,6.000000,2.584963,0.000000,0.000000
ckks,43097.000000,3591.416667,9561.930334,12.000000,6.000000,1.000000,1.000000,0.000000,2.000000,1.000000,1.000000,0.256410,6.000000,2.584963,0.000000,0.000000
ckks,43803.000000,3650.250000,9801.848843,12.000000,6.000000,1.000000,1.000000,0.000000,2.000000,1.000000,1.000000,0.256410,6.000000,2.584963,0.000000,0.000000
ckks,44487.000000,3707.250000,9886.091241,12.000000,6.000000,1.000000,1.000000,0.000000,2.000000,1.000000,1.000000,0.256410,6.000000,2.584963,0.000000,0.000000
ckks,43127.000000,3593.916667,9621.589582,12.000000,6.000000,1.000000,1.000000,0.000000,2.000000,1.000000,1.000000,0.256410,6.000000,2.584963,0.000000,0.000000
ckks,43480.000000,3623.333333,9662.401333,12.000000,6.000000,1.000000,1.000000,0.000000,2.000000,1.000000,1.000000,0.256410,6.000000,2.584963,0.000000,0.000000
ckks,42906.000000,3575.500000,9570.356814,12.000000,6.000000,1.000000,1.000000,0.000000,2.000000,1.000000,1.000000,0.256410,6.000000,2.584963,0.000000,0.000000
ckks,43399.000000,3616.583333,9689.630619,12.000000,6.000000,1.000000,1.000000,0.000000,2.000000,1.000000,1.000000,0.256410,6.000000,2.584963,0.000000,0.000000
ckks,43916.000000,3659.666667,9798.386735,12.000000,6.000000,1.000000,1.000000,0.000000,2.000000,1.000000,1.000000,0.256410,6.000000,2.584963,0.000000,0.000000
ckks,43180.000000,3598.333333,9587.581791,12.000000,6.000000,1.000000,1.000000,0.000000,2.000000,1.000000,1.000000,0.256410,6.000000,2.584963,0.000000,0.000000
ckks,43324.000000,3610.333333,9623.600520,12.000000,6.000000,1.000000,1.000000,0.000000,2.000000,1.000000,1.000000,0.256410,6.000000,2.584963,0.000000,0.000000
ckks,43941.000000,3661.750000,9770.317657,12.000000,6.000000,1.000000,1.000000,0.000000,2.000000,1.000000,1.000000,0.256410,6.000000,2.584963,0.000000,0.000000
ckks,44650.000000,3720.833333,9985.262229,12.000000,6.000000,1.000000,1.000000,0.000000,2.000000,1.000000,1.000000,0.256410,6.000000,2.584963,0.000000,0.000000
ckks,43655.000000,3637.916667,9713.409798,12.000000,6.000000,1.000000,1.000000,0.000000,2.000000,1.000000,1.000000,0.256410,6.000000,2.584963,0.000000,0.000000
ckks,44546.000000,3712.166667,9885.198842,12.000000,6.000000,1.000000,1.000000,0.000000,2.000000,1.000000,1.000000,0.256410,6.000000,2.584963,0.000000,0.000000
ckks,43186.000000,3598.833333,9603.610853,12.000000,6.000000,1.000000,1.000000,0.000000,2.000000,1.000000,1.000000,0.256410,6.000000,2.584963,0.000000,0.000000
ckks,43845.000000,3653.750000,9780.275950,12.000000,6.000000,1.000000,1.000000,0.000000,2.000000,1.000000,1.000000,0.256410,6.000000,2.584963,0.000000,0.000000
ckks,43780.000000,3648.333333,9745.500587,12.000000,6.000000,1.000000,1.000000,0.000000,2.000000,1.000000,1.000000,0.256410,6.000000,2.584963,0.000000,0.000000
ckks,42314.000000,3526.166667,9423.726110,12.000000,6.000000,1.000000,1.000000,0.000000,2.000000,1.000000,1.000000,0.256410,6.000000,2.584963,0.000000,0.000000
ckks,43522.000000,3626.833333,9728.286926,12.000000,6.000000,1.000000,1.000000,0.000000,2.000000,1.000000,1.000000,0.256410,6.000000,2.584963,0.000000,0.000000
ckks,44305.000000,3692.083333,9789.833228,12.000000,6.000000,1.000000,1.000000,0.000000,2.000000,1.000000,1.000000,0.256410,6.000000,2.584963,0.000000,0.000000
ckks,43812.000000,3651.000000,9804.385892,12.000000,6.000000,1.000000,1.000000,0.000000,2.000000,1.000000,1.000000,0.256410,6.000000,2.584963,0.000000,0.000000
ckks,43685.000000,3640.416667,9745.157804,12.000000,6.000000,1.000000,1.000000,0.000000,2.000000,1.000000,1.000000,0.256410,6.000000,2.584963,0.000000,0.000000
ckks,43459.000000,3621.583333,9669.183537,12.000000,6.000000,1.000000,1.000000,0.000000,2.000000,1.000000,1.000000,0.256410,6.000000,2.584963,0.000000,0.000000
ckks,44111.000000,3675.916667,9814.555920,12.000000,6.000000,1.000000,1.000000,0.000000,2.000000,1.000000,1.000000,0.256410,6.000000,2.584963,0.000000,0.000000
ckks,43950.000000,3662.500000,9746.933975,12.000000,6.000000,1.000000,1.000000,0.000000,2.000000,1.000000,1.000000,0.256410,6.000000,2.584963,0.000000,0.000000
ckks,43947.000000,3662.250000,9785.724288,12.000000,6.000000,1.000000,1.000000,0.000000,2.000000,1.000000,1.000000,0.256410,6.000000,2.584963,0.000000,0.000000
ckks,43460.000000,3621.666667,9660.505956,12.000000,6.000000,1.000000,1.000000,0.000000,2.000000,1.000000,1.000000,0.256410,6.000000,2.584963,0.000000,0.000000
ckks,43772.000000,3647.666667,9711.937138,12.000000,6.000000,1.000000,1.000000,0.000000,2.000000,1.000000,1.000000,0.256410,6.000000,2.584963,0.000000,0.000000
ckks,44101.000000,3675.083333,9803.021412,12.000000,6.000000,1.000000,1.000000,0.000000,2.000000,1.000000,1.000000,0.256410,6.000000,2.584963,0.000000,0.000000
ckks,43951.000000,3662.583333,9765.670935,12.000000,6.000000,1.000000,1.000000,0.000000,2.000000,1.000000,1.000000,0.256410,6.000000,2.584963,0.000000,0.000000
ckks,44087.000000,3673.916667,9846.035884,12.000000,6.000000,1.000000,1.000000,0.000000,2.000000,1.000000,1.000000,0.256410,6.000000,2.584963,0.000000,0.000000
ckks,45105.000000,3758.750000,10116.056761,12.000000,6.000000,1.000000,1.000000,0.000000,2.000000,1.000000,1.000000,0.256410,6.000000,2.584963,0.000000,0.000000
ckks,43999.000000,3666.583333,9838.254949,12.000000,6.000000,1.000000,1.000000,0.000000,2.000000,1.000000,1.000000,0.256410,6.000000,2.584963,0.000000,0.000000
ckks,44442.000000,3703.500000,9926.658803,12.000000,6.000000,1.000000,1.000000,0.000000,2.000000,1.000000,1.000000,0.256410,6.000000,2.584963,0.000000,0.000000
ckks,44194.000000,3682.833333,9917.963380,12.000000,6.000000,1.000000,1.000000,0.000000,2.000000,1.000000,1.000000,0.256410,6.000000,2.584963,0.000000,0.000000
ckks,44040.000000,3670.000000,9821.839154,12.000000,6.000000,1.000000,1.000000,0.000000,2.000000,1.000000,1.000000,0.256410,6.000000,2.584963,0.000000,0.000000
ckks,44606.000000,3717.166667,10014.333462,12.000000,6.000000,1.000000,1.000000,0.000000,2.000000,1.000000,1.000000,0.256410,6.000000,2.584963,0.000000,0.000000
ckks,43336.000000,3611.333333,9663.530179,12.000000,6.000000,1.000000,1.000000,0.000000,2.000000,1.000000,1.000000,0.256410,6.000000,2.584963,0.000000,0.000000
ckks,43397.000000,3616.416667,9650.968105,12.000000,6.000000,1.000000,1.000000,0.000000,2.000000,1.000000,1.000000,0.256410,6.000000,2.584963,0.000000,0.000000
ckks,44466.000000,3705.500000,9912.963271,12.000000,6.000000,1.000000,1.000000,0.000000,2.000000,1.000000,1.000000,0.256410,6.000000,2.584963,0.000000,0.000000
ckks,43774.000000,3647.833333,9814.161038,12.000000,6.000000,1.000000,1.000000,0.000000,2.000000,1.000000,1.000000,0.256410,6.000000,2.584963,0.000000,0.000000
ckks,43288.000000,3607.333333,9669.556795,12.000000,6.000000,1.000000,1.000000,0.000000,2.000000,1.000000,1.000000,0.256410,6.000000,2.584963,0.000000,0.000000
ckks,44234.000000,3686.166667,9900.669801,12.000000,6.000000,1.000000,1.000000,0.000000,2.000000,1.000000,1.000000,0.256410,6.000000,2.584963,0.000000,0.000000
ckks,47692.000000,3974.333333,10653.147792,12.000000,6.000000,1.000000,1.000000,0.000000,2.000000,1.000000,1.000000,0.256410,6.000000,2.584963,0.000000,0.000000
ckks,42983.000000,4775.888889,11009.161622,9.000000,3.000000,1.000000,1.000000,0.000000,2.000000,1.000000,1.000000,0.277778,3.000000,1.584963,0.000000,0.000000
ckks,0.000000,0.000000,0.000000,6.000000,3.000000,1.000000,1.000000,0.000000,2.000000,1.000000,1.000000,0.238095,3.000000,1.584963,0.000000,0.000000
ckks,44407.000000,3700.583333,9912.890959,12.000000,6.000000,1.000000,1.000000,0.000000,2.000000,1.000000,1.000000,0.256410,6.000000,2.584963,0.000000,0.000000
ckks,0.000000,0.000000,0.000000,9.000000,6.000000,1.000000,1.000000,0.000000,2.000000,1.000000,1.000000,0.177778,6.000000,2.584963,0.000000,0.000000
ckks,45740.000000,3267.142857,9261.461439,14.000000,8.000000,1.000000,1.000000,0.000000,2.000000,1.000000,1.000000,0.238095,8.000000,3.000000,0.000000,0.000000
ckks,0.000000,0.000000,0.000000,11.000000,8.000000,1.000000,1.000000,0.000000,2.000000,1.000000,1.000000,0.151515,8.000000,3.000000,0.000000,0.000000
clifford,814695.000000,203673.750000,401379.879185,4.000000,0.000000,64.000000,64.000000,0.000000,2.000000,1.000000,1.000000,0.300000,0.000000,0.000000,0.000000,0.000000
clifford,111832.000000,37277.333333,64548.915571,3.000000,0.000000,64.000000,64.000000,0.000000,2.000000,1.000000,1.000000,0.333333,0.000000,0.000000,0.000000,194.000000
clifford,821437.000000,205359.250000,404547.132943,4.000000,0.000000,64.000000,64.000000,0.000000,2.000000,1.000000,1.000000,0.300000,0.000000,0.000000,0.000000,0.000000
clifford,811392.000000,202848.000000,399339.064454,4.000000,0.000000,64.000000,64.000000,0.000000,2.000000,1.000000,1.000000,0.300000,0.000000,0.000000,0.000000,0.000000
clifford,808399.000000,202099.750000,398275.902354,4.000000,0.000000,64.000000,64.000000,0.000000,2.000000,1.000000,1.000000,0.300000,0.000000,0.000000,0.000000,0.000000
clifford,809731.000000,202432.750000,398929.268897,4.000000,0.000000,64.000000,64.000000,0.000000,2.000000,1.000000,1.000000,0.300000,0.000000,0.000000,0.000000,0.000000
clifford,809055.000000,202263.750000,398692.355839,4.000000,0.000000,64.000000,64.000000,0.000000,2.000000,1.000000,1.000000,0.300000,0.000000,0.000000,0.000000,0.000000
clifford,821511.000000,205377.750000,404866.492037,4.000000,0.000000,64.000000,64.000000,0.000000,2.000000,1.000000,1.000000,0.300000,0.000000,0.000000,0.000000,0.000000
clifford,807040.000000,201760.000000,397698.287851,4.000000,0.000000,64.000000,64.000000,0.000000,2.000000,1.000000,1.000000,0.300000,0.000000,0.000000,0.000000,0.000000
clifford,816837.000000,204209.250000,402631.360479,4.000000,0.000000,64.000000,64.000000,0.000000,2.000000,1.000000,1.000000,0.300000,0.000000,0.000000,0.000000,0.000000
clifford,810489.000000,202622.250000,399454.776249,4.000000,0.000000,64.000000,64.000000,0.000000,2.000000,1.000000,1.000000,0.300000,0.000000,0.000000,0.000000,0.000000
clifford,813559.000000,203389.750000,400884.567329,4.000000,0.000000,64.000000,64.000000,0.000000,2.000000,1.000000,1.000000,0.300000,0.000000,0.000000,0.000000,0.000000
clifford,113311.000000,37770.333333,65412.342278,3.000000,0.000000,64.000000,64.000000,0.000000,2.000000,1.000000,1.000000,0.333333,0.000000,0.000000,0.000000,194.000000
clifford,807884.000000,201971.000000,397981.809372,4.000000,0.000000,64.000000,64.000000,0.000000,2.000000,1.000000,1.000000,0.300000,0.000000,0.000000,0.000000,0.000000
clifford,808910.000000,202227.500000,398536.644490,4.000000,0.000000,64.000000,64.000000,0.000000,2.000000,1.000000,1.000000,0.300000,0.000000,0.000000,0.000000,0.000000
clifford,830741.000000,207685.250000,409368.987203,4.000000,0.000000,64.000000,64.000000,0.000000,2.000000,1.000000,1.000000,0.300000,0.000000,0.000000,0.000000,0.000000
clifford,822917.000000,205729.250000,405478.811503,4.000000,0.000000,64.000000,64.000000,0.000000,2.000000,1.000000,1.000000,0.300000,0.000000,0.000000,0.000000,0.000000
clifford,812010.000000,203002.500000,400020.025767,4.000000,0.000000,64.000000,64.000000,0.000000,2.000000,1.000000,1.000000,0.300000,0.000000,0.000000,0.000000,0.000000
clifford,812813.000000,203203.250000,400472.809197,4.000000,0.000000,64.000000,64.000000,0.000000,2.000000,1.000000,1.000000,0.300000,0.000000,0.000000,0.000000,0.000000
clifford,810070.000000,202517.500000,399148.664253,4.000000,0.000000,64.000000,64.000000,0.000000,2.000000,1.000000,1.000000,0.300000,0.000000,0.000000,0.000000,0.000000
clifford,802751.000000,200687.750000,395539.118801,4.000000,0.000000,64.000000,64.000000,0.000000,2.000000,1.000000,1.000000,0.300000,0.000000,0.000000,0.000000,0.000000
clifford,806591.000000,201647.750000,397425.177492,4.000000,0.000000,64.000000,64.000000,0.000000,2.000000,1.000000,1.000000,0.300000,0.000000,0.000000,0.000000,0.000000
clifford,809366.000000,202341.500000,398756.779572,4.000000,0.000000,64.000000,64.000000,0.000000,2.000000,1.000000,1.000000,0.300000,0.000000,0.000000,0.000000,0.000000
clifford,111963.000000,37321.000000,64633.208129,3.000000,0.000000,64.000000,64.000000,0.000000,2.000000,1.000000,1.000000,0.333333,0.000000,0.000000,0.000000,194.000000
clifford,806835.000000,201708.750000,397338.162086,4.000000,0.000000,64.000000,64.000000,0.000000,2.000000,1.000000,1.000000,0.300000,0.000000,0.000000,0.000000,0.000000
clifford,803629.000000,200907.250000,395992.750106,4.000000,0.000000,64.000000,64.000000,0.000000,2.000000,1.000000,1.000000,0.300000,0.000000,0.000000,0.000000,0.000000
clifford,802742.000000,200685.500000,395593.236502,4.000000,0.000000,64.000000,64.000000,0.000000,2.000000,1.000000,1.000000,0.300000,0.000000,0.000000,0.000000,0.000000
clifford,807774.000000,201943.500000,397857.523948,4.000000,0.000000,64.000000,64.000000,0.000000,2.000000,1.000000,1.000000,0.300000,0.000000,0.000000,0.000000,0.000000
clifford,812936.000000,203234.000000,400471.175713,4.000000,0.000000,64.000000,64.000000,0.000000,2.000000,1.000000,1.000000,0.300000,0.000000,0.000000,0.000000,0.000000
clifford,812780.000000,203195.000000,400521.002042,4.000000,0.000000,64.000000,64.000000,0.000000,2.000000,1.000000,1.000000,0.300000,0.000000,0.000000,0.000000,0.000000
clifford,812189.000000,203047.250000,400277.403770,4.000000,0.000000,64.000000,64.000000,0.000000,2.000000,1.000000,1.000000,0.300000,0.000000,0.000000,0.000000,0.000000
clifford,806876.000000,201719.000000,397516.345531,4.000000,0.000000,64.000000,64.000000,0.000000,2.000000,1.000000,1.000000,0.300000,0.000000,0.000000,0.000000,0.000000
clifford,807830.000000,201957.500000,397980.711669,4.000000,0.000000,64.000000,64.000000,0.000000,2.000000,1.000000,1.000000,0.300000,0.000000,0.000000,0.000000,0.000000
clifford,812882.000000,203220.500000,400474.761361,4.000000,0.000000,64.000000,64.000000,0.000000,2.000000,1.000000,1.000000,0.300000,0.000000,0.000000,0.000000,0.000000
clifford,116698.000000,38899.333333,67365.229676,3.000000,0.000000,64.000000,64.000000,0.000000,2.000000,1.000000,1.000000,0.333333,0.000000,0.000000,0.000000,194.000000
clifford,810401.000000,202600.250000,399098.410689,4.000000,0.000000,64.000000,64.000000,0.000000,2.000000,1.000000,1.000000,0.300000,0.000000,0.000000,0.000000,0.000000
clifford,813211.000000,203302.750000,400739.812290,4.000000,0.000000,64.000000,64.000000,0.000000,2.000000,1.000000,1.000000,0.300000,0.000000,0.000000,0.000000,0.000000
clifford,810950.000000,202737.500000,399521.308860,4.000000,0.000000,64.000000,64.000000,0.000000,2.000000,1.000000,1.000000,0.300000,0.000000,0.000000,0.000000,0.000000
clifford,810954.000000,202738.500000,398955.641481,4.000000,0.000000,64.000000,64.000000,0.000000,2.000000,1.000000,1.000000,0.300000,0.000000,0.000000,0.000000,0.000000
clifford,816960.000000,204240.000000,402547.824591,4.000000,0.000000,64.000000,64.000000,0.000000,2.000000,1.000000,1.000000,0.300000,0.000000,0.000000,0.000000,0.000000
clifford,833284.000000,208321.000000,410611.003979,4.000000,0.000000,64.000000,64.000000,0.000000,2.000000,1.000000,1.000000,0.300000,0.000000,0.000000,0.000000,0.000000
clifford,822579.000000,205644.750000,405212.078324,4.000000,0.000000,64.000000,64.000000,0.000000,2.000000,1.000000,1.000000,0.300000,0.000000,0.000000,0.000000,0.000000
clifford,819170.000000,204792.500000,403698.096767,4.000000,0.000000,64.000000,64.000000,0.000000,2.000000,1.000000,1.000000,0.300000,0.000000,0.000000,0.000000,0.000000
clifford,811022.000000,202755.500000,399470.868899,4.000000,0.000000,64.000000,64.000000,0.000000,2.000000,1.000000,1.000000,0.300000,0.000000,0.000000,0.000000,0.000000
clifford,810737.000000,202684.250000,399568.153286,4.000000,0.000000,64.000000,64.000000,0.000000,2.000000,1.000000,1.000000,0.300000,0.000000,0.000000,0.000000,0.000000
clifford,114499.000000,38166.333333,66089.574672,3.000000,0.000000,64.000000,64.000000,0.000000,2.000000,1.000000,1.000000,0.333333,0.000000,0.000000,0.000000,194.000000
clifford,817231.000000,204307.750000,402558.082667,4.000000,0.000000,64.000000,64.000000,0.000000,2.000000,1.000000,1.000000,0.300000,0.000000,0.000000,0.000000,0.000000
clifford,809621.000000,202405.250000,398851.594863,4.000000,0.000000,64.000000,64.000000,0.000000,2.000000,1.000000,1.000000,0.300000,0.000000,0.000000,0.000000,0.000000
clifford,808680.000000,202170.000000,398502.928238,4.000000,0.000000,64.000000,64.000000,0.000000,2.000000,1.000000,1.000000,0.300000,0.000000,0.000000,0.000000,0.000000
clifford,809093.000000,202273.250000,398777.314965,4.000000,0.000000,64.000000,64.000000,0.000000,2.000000,1.000000,1.000000,0.300000,0.000000,0.000000,0.000000,0.000000
clifford,802664.000000,200666.000000,395550.230217,4.000000,0.000000,64.000000,64.000000,0.000000,2.000000,1.000000,1.000000,0.300000,0.000000,0.000000,0.000000,0.000000
clifford,803639.000000,200909.750000,396001.758858,4.000000,0.000000,64.000000,64.000000,0.000000,2.000000,1.000000,1.000000,0.300000,0.000000,0.000000,0.000000,0.000000
clifford,807190.000000,201797.500000,397747.912180,4.000000,0.000000,64.000000,64.000000,0.000000,2.000000,1.000000,1.000000,0.300000,0.000000,0.000000,0.000000,0.000000
clifford,813381.000000,203345.250000,400584.499878,4.000000,0.000000,64.000000,64.000000,0.000000,2.000000,1.000000,1.000000,0.300000,0.000000,0.000000,0.000000,0.000000
clifford,815431.000000,203857.750000,401608.780734,4.000000,0.000000,64.000000,64.000000,0.000000,2.000000,1.000000,1.000000,0.300000,0.000000,0.000000,0.000000,0.000000
clifford,810663.000000,202665.750000,399365.236764,4.000000,0.000000,64.000000,64.000000,0.000000,2.000000,1.000000,1.000000,0.300000,0.000000,0.000000,0.000000,0.000000
clifford,111897.000000,37299.000000,64589.041199,3.000000,0.000000,64.000000,64.000000,0.000000,2.000000,1.000000,1.000000,0.333333,0.000000,0.000000,0.000000,194.000000
clifford,805065.000000,201266.250000,396472.436867,4.000000,0.000000,64.000000,64.000000,0.000000,2.000000,1.000000,1.000000,0.300000,0.000000,0.000000,0.000000,0.000000
clifford,807276.000000,201819.000000,397679.001131,4.000000,0.000000,64.000000,64.000000,0.000000,2.000000,1.000000,1.000000,0.300000,0.000000,0.000000,0.000000,0.000000
clifford,805863.000000,201465.750000,396945.994133,4.000000,0.000000,64.000000,64.000000,0.000000,2.000000,1.000000,1.000000,0.300000,0.000000,0.000000,0.000000,0.000000
clifford,808410.000000,202102.500000,398250.709721,4.000000,0.000000,64.000000,64.000000,0.000000,2.000000,1.000000,1.000000,0.300000,0.000000,0.000000,0.000000,0.000000
clifford,798727.000000,199681.750000,393648.319792,4.000000,0.000000,64.000000,64.000000,0.000000,2.000000,1.000000,1.000000,0.300000,0.000000,0.000000,0.000000,0.000000
clifford,831225.000000,207806.250000,409675.542988,4.000000,0.000000,64.000000,64.000000,0.000000,2.000000,1.000000,1.000000,0.300000,0.000000,0.000000,0.000000,0.000000
clifford,810934.000000,202733.500000,399406.941185,4.000000,0.000000,64.000000,64.000000,0.000000,2.000000,1.000000,1.000000,0.300000,0.000000,0.000000,0.000000,0.000000
clifford,809986.000000,202496.500000,399097.397143,4.000000,0.000000,64.000000,64.000000,0.000000,2.000000,1.000000,1.000000,0.300000,0.000000,0.000000,0.000000,0.000000
clifford,825220.000000,206305.000000,406413.083817,4.000000,0.000000,64.000000,64.000000,0.000000,2.000000,1.000000,1.000000,0.300000,0.000000,0.000000,0.000000,0.000000
clifford,821324.000000,205331.000000,404473.495433,4.000000,0.000000,64.000000,64.000000,0.000000,2.000000,1.000000,1.000000,0.300000,0.000000,0.000000,0.000000,0.000000
clifford,113748.000000,37916.000000,65646.459371,3.000000,0.000000,64.000000,64.000000,0.000000,2.000000,1.000000,1.000000,0.333333,0.000000,0.000000,0.000000,194.000000
clifford,813949.000000,203487.250000,400805.861135,4.000000,0.000000,64.000000,64.000000,0.000000,2.000000,1.000000,1.000000,0.300000,0.000000,0.000000,0.000000,0.000000
clifford,805342.000000,201335.500000,396776.029553,4.000000,0.000000,64.000000,64.000000,0.000000,2.000000,1.000000,1.000000,0.300000,0.000000,0.000000,0.000000,0.000000
clifford,813574.000000,203393.500000,400818.753874,4.000000,0.000000,64.000000,64.000000,0.000000,2.000000,1.000000,1.000000,0.300000,0.000000,0.000000,0.000000,0.000000
clifford,813615.000000,203403.750000,400805.206681,4.000000,0.000000,64.000000,64.000000,0.000000,2.000000,1.000000,1.000000,0.300000,0.000000,0.000000,0.000000,0.000000
clifford,814148.000000,203537.000000,401116.369086,4.000000,0.000000,64.000000,64.000000,0.000000,2.000000,1.000000,1.000000,0.300000,0.000000,0.000000,0.000000,0.000000
clifford,813828.000000,203457.000000,401006.979217,4.000000,0.000000,64.000000,64.000000,0.000000,2.000000,1.000000,1.000000,0.300000,0.000000,0.000000,0.000000,0.000000
clifford,801416.000000,200354.000000,394626.662322,4.000000,0.000000,64.000000,64.000000,0.000000,2.000000,1.000000,1.000000,0.300000,0.000000,0.000000,0.000000,0.000000
clifford,809197.000000,202299.250000,398661.610626,4.000000,0.000000,64.000000,64.000000,0.000000,2.000000,1.000000,1.000000,0.300000,0.000000,0.000000,0.000000,0.000000
clifford,822024.000000,205506.000000,405009.791346,4.000000,0.000000,64.000000,64.000000,0.000000,2.000000,1.000000,1.000000,0.300000,0.000000,0.000000,0.000000,0.000000
clifford,812746.000000,203186.500000,400376.084518,4.000000,0.000000,64.000000,64.000000,0.000000,2.000000,1.000000,1.000000,0.300000,0.000000,0.000000,0.000000,0.000000
clifford,823526.000000,205881.500000,405822.527016,4.000000,0.000000,64.000000,64.000000,0.000000,2.000000,1.000000,1.000000,0.300000,0.000000,0.000000,0.000000,0.000000
clifford,808125.000000,202031.250000,398022.455239,4.000000,0.000000,64.000000,64.000000,0.000000,2.000000,1.000000,1.000000,0.300000,0.000000,0.000000,0.000000,0.000000
clifford,820343.000000,205085.750000,404274.545527,4.000000,0.000000,64.000000,64.000000,0.000000,2.000000,1.000000,1.000000,0.300000,0.000000,0.000000,0.000000,0.000000
clifford,815128.000000,203782.000000,401475.314241,4.000000,0.000000,64.000000,64.000000,0.000000,2.000000,1.000000,1.000000,0.300000,0.000000,0.000000,0.000000,0.000000
clifford,808901.000000,202225.250000,398581.535747,4.000000,0.000000,64.000000,64.000000,0.000000,2.000000,1.000000,1.000000,0.300000,0.000000,0.000000,0.000000,0.000000
clifford,806476.000000,201619.000000,397512.160814,4.000000,0.000000,64.000000,64.000000,0.000000,2.000000,1.000000,1.000000,0.300000,0.000000,0.000000,0.000000,0.000000
clifford,809101.000000,202275.250000,398674.798179,4.000000,0.000000,64.000000,64.000000,0.000000,2.000000,1.000000,1.000000,0.300000,0.000000,0.000000,0.000000,0.000000
clifford,807400.000000,201850.000000,397782.260139,4.000000,0.000000,64.000000,64.000000,0.000000,2.000000,1.000000,1.000000,0.300000,0.000000,0.000000,0.000000,0.000000
clifford,807339.000000,201834.750000,397830.413885,4.000000,0.000000,64.000000,64.000000,0.000000,2.000000,1.000000,1.000000,0.300000,0.000000,0.000000,0.000000,0.000000
clifford,804770.000000,201192.500000,396571.966007,4.000000,0.000000,64.000000,64.000000,0.000000,2.000000,1.000000,1.000000,0.300000,0.000000,0.000000,0.000000,0.000000
clifford,806778.000000,201694.500000,397500.031008,4.000000,0.000000,64.000000,64.000000,0.000000,2.000000,1.000000,1.000000,0.300000,0.000000,0.000000,0.000000,0.000000
clifford,809275.000000,202318.750000,398698.398558,4.000000,0.000000,64.000000,64.000000,0.000000,2.000000,1.000000,1.000000,0.300000,0.000000,0.000000,0.000000,0.000000
clifford,817410.000000,204352.500000,402642.230615,4.000000,0.000000,64.000000,64.000000,0.000000,2.000000,1.000000,1.000000,0.300000,0.000000,0.000000,0.000000,0.000000
clifford,816439.000000,204109.750000,402297.850019,4.000000,0.000000,64.000000,64.000000,0.000000,2.000000,1.000000,1.000000,0.300000,0.000000,0.000000,0.000000,0.000000
clifford,812142.000000,203035.500000,400173.970303,4.000000,0.000000,64.000000,64.000000,0.000000,2.000000,1.000000,1.000000,0.300000,0.000000,0.000000,0.000000,0.000000
clifford,819327.000000,204831.750000,403657.947657,4.000000,0.000000,64.000000,64.000000,0.000000,2.000000,1.000000,1.000000,0.300000,0.000000,0.000000,0.000000,0.000000
clifford,805577.000000,201394.250000,396902.796938,4.000000,0.000000,64.000000,64.000000,0.000000,2.000000,1.000000,1.000000,0.300000,0.000000,0.000000,0.000000,0.000000
clifford,808279.000000,202069.750000,398148.718683,4.000000,0.000000,64.000000,64.000000,0.000000,2.000000,1.000000,1.000000,0.300000,0.000000,0.000000,0.000000,0.000000
clifford,804180.000000,201045.000000,396097.153332,4.000000,0.000000,64.000000,64.000000,0.000000,2.000000,1.000000,1.000000,0.300000,0.000000,0.000000,0.000000,0.000000
clifford,811022.000000,202755.500000,399732.532815,4.000000,0.000000,64.000000,64.000000,0.000000,2.000000,1.000000,1.000000,0.300000,0.000000,0.000000,0.000000,0.000000
clifford,810387.000000,202596.750000,399261.966519,4.000000,0.000000,64.000000,64.000000,0.000000,2.000000,1.000000,1.000000,0.300000,0.000000,0.000000,0.000000,0.000000
clifford,804658.000000,201164.500000,396416.802630,4.000000,0.000000,64.000000,64.000000,0.000000,2.000000,1.000000,1.000000,0.300000,0.000000,0.000000,0.000000,0.000000
clifford,803197.000000,200799.250000,395867.943166,4.000000,0.000000,64.000000,64.000000,0.000000,2.000000,1.000000,1.000000,0.300000,0.000000,0.000000,0.000000,0.000000
clifford,806912.000000,201728.000000,397602.962748,4.000000,0.000000,64.000000,64.000000,0.000000,2.000000,1.000000,1.000000,0.300000,0.000000,0.000000,0.000000,0.000000
clifford,817449.000000,204362.250000,402671.683621,4.000000,0.000000,64.000000,64.000000,0.000000,2.000000,1.000000,1.000000,0.300000,0.000000,0.000000,0.000000,0.000000
clifford,810247.000000,202561.750000,399245.137546,4.000000,0.000000,64.000000,64.000000,0.000000,2.000000,1.000000,1.000000,0.300000,0.000000,0.000000,0.000000,0.000000
clifford,817239.000000,204309.750000,402659.839275,4.000000,0.000000,64.000000,64.000000,0.000000,2.000000,1.000000,1.000000,0.300000,0.000000,0.000000,0.000000,0.000000
clifford,816619.000000,204154.750000,402483.059102,4.000000,0.000000,64.000000,64.000000,0.000000,2.000000,1.000000,1.000000,0.300000,0.000000,0.000000,0.000000,0.000000
clifford,809147.000000,202286.750000,398794.395535,4.000000,0.000000,64.000000,64.000000,0.000000,2.000000,1.000000,1.000000,0.300000,0.000000,0.000000,0.000000,0.000000
clifford,813907.000000,203476.750000,401013.278081,4.000000,0.000000,64.000000,64.000000,0.000000,2.000000,1.000000,1.000000,0.300000,0.000000,0.000000,0.000000,0.000000
clifford,804908.000000,201227.000000,396616.910000,4.000000,0.000000,64.000000,64.000000,0.000000,2.000000,1.000000,1.000000,0.300000,0.000000,0.000000,0.000000,0.000000
clifford,808723.000000,202180.750000,398501.744707,4.000000,0.000000,64.000000,64.000000,0.000000,2.000000,1.000000,1.000000,0.300000,0.000000,0.000000,0.000000,0.000000
clifford,808341.000000,202085.250000,398001.881366,4.000000,0.000000,64.000000,64.000000,0.000000,2.000000,1.000000,1.000000,0.300000,0.000000,0.000000,0.000000,0.000000
clifford,813047.000000,203261.750000,400521.248974,4.000000,0.000000,64.000000,64.000000,0.000000,2.000000,1.000000,1.000000,0.300000,0.000000,0.000000,0.000000,0.000000
clifford,813569.000000,203392.250000,400659.177082,4.000000,0.000000,64.000000,64.000000,0.000000,2.000000,1.000000,1.000000,0.300000,0.000000,0.000000,0.000000,0.000000
clifford,837178.000000,209294.500000,412815.140348,4.000000,0.000000,64.000000,64.000000,0.000000,2.000000,1.000000,1.000000,0.300000,0.000000,0.000000,0.000000,0.000000
clifford,819057.000000,204764.250000,403514.969058,4.000000,0.000000,64.000000,64.000000,0.000000,2.000000,1.000000,1.000000,0.300000,0.000000,0.000000,0.000000,0.000000
clifford,840410.000000,210102.500000,414341.788143,4.000000,0.000000,64.000000,64.000000,0.000000,2.000000,1.000000,1.000000,0.300000,0.000000,0.000000,0.000000,0.000000
clifford,821173.000000,205293.250000,404576.996315,4.000000,0.000000,64.000000,64.000000,0.000000,2.000000,1.000000,1.000000,0.300000,0.000000,0.000000,0.000000,0.000000
clifford,806220.000000,201555.000000,397216.362287,4.000000,0.000000,64.000000,64.000000,0.000000,2.000000,1.000000,1.000000,0.300000,0.000000,0.000000,0.000000,0.000000
clifford,807385.000000,201846.250000,397745.626257,4.000000,0.000000,64.000000,64.000000,0.000000,2.000000,1.000000,1.000000,0.300000,0.000000,0.000000,0.000000,0.000000
clifford,807093.000000,201773.250000,397652.215490,4.000000,0.000000,64.000000,64.000000,0.000000,2.000000,1.000000,1.000000,0.300000,0.000000,0.000000,0.000000,0.000000
clifford,807915.000000,201978.750000,398138.332812,4.000000,0.000000,64.000000,64.000000,0.000000,2.000000,1.000000,1.000000,0.300000,0.000000,0.000000,0.000000,0.000000
clifford,810409.000000,202602.250000,399352.796436,4.000000,0.000000,64.000000,64.000000,0.000000,2.000000,1.000000,1.000000,0.300000,0.000000,0.000000,0.000000,0.000000
clifford,811384.000000,202846.000000,399707.209278,4.000000,0.000000,64.000000,64.000000,0.000000,2.000000,1.000000,1.000000,0.300000,0.000000,0.000000,0.000000,0.000000
clifford,804610.000000,201152.500000,396357.524715,4.000000,0.000000,64.000000,64.000000,0.000000,2.000000,1.000000,1.000000,0.300000,0.000000,0.000000,0.000000,0.000000
clifford,807285.000000,201821.250000,397677.643092,4.000000,0.000000,64.000000,64.000000,0.000000,2.000000,1.000000,1.000000,0.300000,0.000000,0.000000,0.000000,0.000000
clifford,806640.000000,201660.000000,397499.492611,4.000000,0.000000,64.000000,64.000000,0.000000,2.000000,1.000000,1.000000,0.300000,0.000000,0.000000,0.000000,0.000000
clifford,806582.000000,201645.500000,397384.059083,4.000000,0.000000,64.000000,64.000000,0.000000,2.000000,1.000000,1.000000,0.300000,0.000000,0.000000,0.000000,0.000000
clifford,821808.000000,205452.000000,405047.518017,4.000000,0.000000,64.000000,64.000000,0.000000,2.000000,1.000000,1.000000,0.300000,0.000000,0.000000,0.000000,0.000000
clifford,117982.000000,39327.333333,68097.021846,3.000000,0.000000,64.000000,64.000000,0.000000,2.000000,1.000000,1.000000,0.333333,0.000000,0.000000,0.000000,194.000000
clifford,812260.000000,203065.000000,400102.564799,4.000000,0.000000,64.000000,64.000000,0.000000,2.000000,1.000000,1.000000,0.300000,0.000000,0.000000,0.000000,0.000000
clifford,112877.000000,37625.666667,65149.648766,3.000000,0.000000,64.000000,64.000000,0.000000,2.000000,1.000000,1.000000,0.333333,0.000000,0.000000,0.000000,194.000000
clifford,810536.000000,202634.000000,399254.456569,4.000000,0.000000,64.000000,64.000000,0.000000,2.000000,1.000000,1.000000,0.300000,0.000000,0.000000,0.000000,0.000000
clifford,110071.000000,36690.333333,63527.006150,3.000000,0.000000,64.000000,64.000000,0.000000,2.000000,1.000000,1.000000,0.333333,0.000000,0.000000,0.000000,194.000000
